stage,trial,warmup,encode_seconds,decode_seconds,archive_bytes,archive_sha256
1,0,True,0.471989579,0.013459952999999998,17044704,90328ca642f2cc7881e68e405bded6e0c26ec2cc218c8d443bace6d14fbe545c
1,1,False,0.470065159,0.01380451,17044704,90328ca642f2cc7881e68e405bded6e0c26ec2cc218c8d443bace6d14fbe545c
1,2,False,0.45305511,0.014277287999999999,17044704,90328ca642f2cc7881e68e405bded6e0c26ec2cc218c8d443bace6d14fbe545c
1,3,False,0.456168113,0.014041412,17044704,90328ca642f2cc7881e68e405bded6e0c26ec2cc218c8d443bace6d14fbe545c
1,4,False,0.460555815,0.014129764000000001,17044704,90328ca642f2cc7881e68e405bded6e0c26ec2cc218c8d443bace6d14fbe545c
1,5,False,0.459170859,0.014005537,17044704,90328ca642f2cc7881e68e405bded6e0c26ec2cc218c8d443bace6d14fbe545c
1,6,False,0.468825753,0.014157541,17044704,90328ca642f2cc7881e68e405bded6e0c26ec2cc218c8d443bace6d14fbe545c
1,7,False,0.45701126,0.013994297,17044704,90328ca642f2cc7881e68e405bded6e0c26ec2cc218c8d443bace6d14fbe545c
2,0,True,5.935740205,0.050447019999999995,7025852,f27af13160d0f46a0531944c7320106569bd7f4a7e126f48cbc5b9aefa3f1a02
2,1,False,5.986046376,0.049773708,7025852,f27af13160d0f46a0531944c7320106569bd7f4a7e126f48cbc5b9aefa3f1a02
2,2,False,5.985312255,0.049961937,7025852,f27af13160d0f46a0531944c7320106569bd7f4a7e126f48cbc5b9aefa3f1a02
2,3,False,5.923565863,0.049314832,7025852,f27af13160d0f46a0531944c7320106569bd7f4a7e126f48cbc5b9aefa3f1a02
2,4,False,5.927542895,0.050102755,7025852,f27af13160d0f46a0531944c7320106569bd7f4a7e126f48cbc5b9aefa3f1a02
2,5,False,5.978779997,0.050317406,7025852,f27af13160d0f46a0531944c7320106569bd7f4a7e126f48cbc5b9aefa3f1a02
2,6,False,5.977404358,0.050374458,7025852,f27af13160d0f46a0531944c7320106569bd7f4a7e126f48cbc5b9aefa3f1a02
2,7,False,5.981064698,0.050256001,7025852,f27af13160d0f46a0531944c7320106569bd7f4a7e126f48cbc5b9aefa3f1a02
3,0,True,3.204938384,0.096938875,8880661,28b499cf660eedabdab882358c1136ceeda6fb301866f7c2ce6df4855a40675e
3,1,False,3.203976126,0.089393643,8880661,28b499cf660eedabdab882358c1136ceeda6fb301866f7c2ce6df4855a40675e
3,2,False,3.190433705,0.091769135,8880661,28b499cf660eedabdab882358c1136ceeda6fb301866f7c2ce6df4855a40675e
3,3,False,3.454780301,0.093601971,8880661,28b499cf660eedabdab882358c1136ceeda6fb301866f7c2ce6df4855a40675e
3,4,False,3.26730893,0.093070975,8880661,28b499cf660eedabdab882358c1136ceeda6fb301866f7c2ce6df4855a40675e
3,5,False,3.259922091,0.09374979,8880661,28b499cf660eedabdab882358c1136ceeda6fb301866f7c2ce6df4855a40675e
3,6,False,3.303656101,0.092362817,8880661,28b499cf660eedabdab882358c1136ceeda6fb301866f7c2ce6df4855a40675e
3,7,False,3.245919791,0.09227427,8880661,28b499cf660eedabdab882358c1136ceeda6fb301866f7c2ce6df4855a40675e
4,0,True,1.07852006,0.059906987999999994,9243864,9a5f9ecb48ef7e360ba01426ed9bfda316b88a88a9995aac2999bdd7a256a3ee
4,1,False,1.078605139,0.059305235,9243864,9a5f9ecb48ef7e360ba01426ed9bfda316b88a88a9995aac2999bdd7a256a3ee
4,2,False,1.052631949,0.06098826,9243864,9a5f9ecb48ef7e360ba01426ed9bfda316b88a88a9995aac2999bdd7a256a3ee
4,3,False,1.058453544,0.062733664,9243864,9a5f9ecb48ef7e360ba01426ed9bfda316b88a88a9995aac2999bdd7a256a3ee
4,4,False,1.054479578,0.059329760999999995,9243864,9a5f9ecb48ef7e360ba01426ed9bfda316b88a88a9995aac2999bdd7a256a3ee
4,5,False,1.059790129,0.059745530000000005,9243864,9a5f9ecb48ef7e360ba01426ed9bfda316b88a88a9995aac2999bdd7a256a3ee
4,6,False,1.065493411,0.059165292999999994,9243864,9a5f9ecb48ef7e360ba01426ed9bfda316b88a88a9995aac2999bdd7a256a3ee
4,7,False,1.08429793,0.065537578,9243864,9a5f9ecb48ef7e360ba01426ed9bfda316b88a88a9995aac2999bdd7a256a3ee
