arm,name,stage,percent,package_bytes,median,low,high,qualification,source,result_id
baseline,OnPair+ row adapter,0,1,27713500,93.14477485624663,90.33220905036899,93.9898880415557,independently verified hybrid,experiments/onpairplus-onpair16-rows-2026-09-27/batch-01/SUMMARY.json,onpairplus-onpair16-rows-069b2393d94fb3cd
baseline,OnPair+ row adapter,0,3,27713500,77.0316976565303,76.82711589541542,78.73862980183205,independently verified hybrid,experiments/onpairplus-onpair16-rows-2026-09-27/batch-01/SUMMARY.json,onpairplus-onpair16-rows-069b2393d94fb3cd
baseline,OnPair+ row adapter,0,10,27713500,80.29326228829096,79.25320843955076,81.6499349368763,independently verified hybrid,experiments/onpairplus-onpair16-rows-2026-09-27/batch-01/SUMMARY.json,onpairplus-onpair16-rows-069b2393d94fb3cd
baseline,OnPair+ row adapter,0,30,27713500,82.89621044035769,81.00304830390778,84.38970902410674,independently verified hybrid,experiments/onpairplus-onpair16-rows-2026-09-27/batch-01/SUMMARY.json,onpairplus-onpair16-rows-069b2393d94fb3cd
baseline,OnPair+ row adapter,0,100,27713500,80.06248611531208,78.8060844561017,80.99661673382803,independently verified hybrid,experiments/onpairplus-onpair16-rows-2026-09-27/batch-01/SUMMARY.json,onpairplus-onpair16-rows-069b2393d94fb3cd
baseline,FSST,0,1,24043323,54.17027393032534,52.874304346959356,54.708135679527494,pinned reference replay,experiments/onpairplus-onpair16-rows-2026-09-27/batch-01/SUMMARY.json,onpairplus-onpair16-rows-069b2393d94fb3cd
baseline,FSST,0,3,24043323,53.077356899691885,52.172636987906365,53.69891125337794,pinned reference replay,experiments/onpairplus-onpair16-rows-2026-09-27/batch-01/SUMMARY.json,onpairplus-onpair16-rows-069b2393d94fb3cd
baseline,FSST,0,10,24043323,51.60021030307675,50.31303733013862,52.46604084857771,pinned reference replay,experiments/onpairplus-onpair16-rows-2026-09-27/batch-01/SUMMARY.json,onpairplus-onpair16-rows-069b2393d94fb3cd
baseline,FSST,0,30,24043323,51.54639527613368,50.81272795740476,52.39152971030688,pinned reference replay,experiments/onpairplus-onpair16-rows-2026-09-27/batch-01/SUMMARY.json,onpairplus-onpair16-rows-069b2393d94fb3cd
baseline,FSST,0,100,24043323,47.62515727832201,46.63168408294804,47.995343287941964,pinned reference replay,experiments/onpairplus-onpair16-rows-2026-09-27/batch-01/SUMMARY.json,onpairplus-onpair16-rows-069b2393d94fb3cd
baseline,LZ4 block,0,1,29903706,1.1644960590452267,1.1525885267377889,1.1827633079444848,pinned reference replay,experiments/onpairplus-onpair16-rows-2026-09-27/batch-01/SUMMARY.json,onpairplus-onpair16-rows-069b2393d94fb3cd
baseline,LZ4 block,0,3,29903706,3.420676058320125,3.3984505008218564,3.4741707306509877,pinned reference replay,experiments/onpairplus-onpair16-rows-2026-09-27/batch-01/SUMMARY.json,onpairplus-onpair16-rows-069b2393d94fb3cd
baseline,LZ4 block,0,10,29903706,10.657649301214642,10.459816267005818,10.760033581605459,pinned reference replay,experiments/onpairplus-onpair16-rows-2026-09-27/batch-01/SUMMARY.json,onpairplus-onpair16-rows-069b2393d94fb3cd
baseline,LZ4 block,0,30,29903706,26.739849001978985,26.37195619654912,26.973015278894234,pinned reference replay,experiments/onpairplus-onpair16-rows-2026-09-27/batch-01/SUMMARY.json,onpairplus-onpair16-rows-069b2393d94fb3cd
baseline,LZ4 block,0,100,29903706,59.24317123638387,58.04090878969583,59.68538101509046,pinned reference replay,experiments/onpairplus-onpair16-rows-2026-09-27/batch-01/SUMMARY.json,onpairplus-onpair16-rows-069b2393d94fb3cd
baseline,OnPair+ old block,0,1,38402648,1.1262208275630607,1.1157879191471265,1.1531424894083786,pinned reference replay,experiments/onpairplus-onpair16-rows-2026-09-27/batch-01/SUMMARY.json,onpairplus-onpair16-rows-069b2393d94fb3cd
baseline,OnPair+ old block,0,3,38402648,3.3603217351678722,3.288465697061864,3.3781590159540733,pinned reference replay,experiments/onpairplus-onpair16-rows-2026-09-27/batch-01/SUMMARY.json,onpairplus-onpair16-rows-069b2393d94fb3cd
baseline,OnPair+ old block,0,10,38402648,10.477015857748555,10.44380502038909,10.769348171407362,pinned reference replay,experiments/onpairplus-onpair16-rows-2026-09-27/batch-01/SUMMARY.json,onpairplus-onpair16-rows-069b2393d94fb3cd
baseline,OnPair+ old block,0,30,38402648,27.405762051443396,27.097708392563735,27.697357908161592,pinned reference replay,experiments/onpairplus-onpair16-rows-2026-09-27/batch-01/SUMMARY.json,onpairplus-onpair16-rows-069b2393d94fb3cd
baseline,OnPair+ old block,0,100,38402648,61.463888884792624,60.8462637665564,62.04344441013694,pinned reference replay,experiments/onpairplus-onpair16-rows-2026-09-27/batch-01/SUMMARY.json,onpairplus-onpair16-rows-069b2393d94fb3cd
from-scratch,Run 1,1,1,16072097,87.7163886292019,85.14535151136089,88.67340216356126,qualified,experiments/dbtext-five-stage-policy-pair-2026-09-26/api-s1/QUALIFICATION.json,r-a3602008c11ed5e90286bb0609abca8145511d4ee64abf62ba035d62dc3432ae
from-scratch,Run 1,1,3,16072097,83.28934946337472,81.92991377892524,83.46696996080532,qualified,experiments/dbtext-five-stage-policy-pair-2026-09-26/api-s1/QUALIFICATION.json,r-a3602008c11ed5e90286bb0609abca8145511d4ee64abf62ba035d62dc3432ae
from-scratch,Run 1,1,10,16072097,80.34150104012394,79.4628229947949,81.4472569843151,qualified,experiments/dbtext-five-stage-policy-pair-2026-09-26/api-s1/QUALIFICATION.json,r-a3602008c11ed5e90286bb0609abca8145511d4ee64abf62ba035d62dc3432ae
from-scratch,Run 1,1,30,16072097,79.42183540940331,78.73933567574444,79.56524487833646,qualified,experiments/dbtext-five-stage-policy-pair-2026-09-26/api-s1/QUALIFICATION.json,r-a3602008c11ed5e90286bb0609abca8145511d4ee64abf62ba035d62dc3432ae
from-scratch,Run 1,1,100,16072097,71.8702707494002,71.00797882286258,72.15367726937012,qualified,experiments/dbtext-five-stage-policy-pair-2026-09-26/api-s1/QUALIFICATION.json,r-a3602008c11ed5e90286bb0609abca8145511d4ee64abf62ba035d62dc3432ae
from-scratch,Run 2,2,1,10517944,2.0135795028774623,2.0058510237065286,2.0229352466264436,qualified,experiments/dbtext-five-stage-policy-pair-2026-09-26/api-s2/QUALIFICATION.json,r-4add78cf369024800a7102f86303aba1dcc718edfc7fed4119ddb1c9a0d5f232
from-scratch,Run 2,2,3,10517944,2.295059553045607,2.279693174317573,2.3063188056596484,qualified,experiments/dbtext-five-stage-policy-pair-2026-09-26/api-s2/QUALIFICATION.json,r-4add78cf369024800a7102f86303aba1dcc718edfc7fed4119ddb1c9a0d5f232
from-scratch,Run 2,2,10,10517944,3.229120393966607,3.212510424403359,3.2697649635514536,qualified,experiments/dbtext-five-stage-policy-pair-2026-09-26/api-s2/QUALIFICATION.json,r-4add78cf369024800a7102f86303aba1dcc718edfc7fed4119ddb1c9a0d5f232
from-scratch,Run 2,2,30,10517944,5.611583078928958,5.561955851659387,5.612542170648452,qualified,experiments/dbtext-five-stage-policy-pair-2026-09-26/api-s2/QUALIFICATION.json,r-4add78cf369024800a7102f86303aba1dcc718edfc7fed4119ddb1c9a0d5f232
from-scratch,Run 2,2,100,10517944,10.479886108082557,10.427362922139132,10.624940000315444,qualified,experiments/dbtext-five-stage-policy-pair-2026-09-26/api-s2/QUALIFICATION.json,r-4add78cf369024800a7102f86303aba1dcc718edfc7fed4119ddb1c9a0d5f232
from-scratch,Run 3,3,1,12993067,66.05986636961428,64.58591955818322,66.23711245334003,accepted_pinned_result_with_portability_caveat,experiments/dbtext-five-stage-policy-pair-2026-09-26/api-s3/recovery-01/QUALIFICATION.json,r-ef877dac50a89a41ecf0b81ddb0ac4c485774159e142ae9c8b0dba1e770f495c
from-scratch,Run 3,3,3,12993067,61.30932353611739,60.21091374081536,61.64306992566695,accepted_pinned_result_with_portability_caveat,experiments/dbtext-five-stage-policy-pair-2026-09-26/api-s3/recovery-01/QUALIFICATION.json,r-ef877dac50a89a41ecf0b81ddb0ac4c485774159e142ae9c8b0dba1e770f495c
from-scratch,Run 3,3,10,12993067,58.80665078135633,58.79537653507596,59.28417702213946,accepted_pinned_result_with_portability_caveat,experiments/dbtext-five-stage-policy-pair-2026-09-26/api-s3/recovery-01/QUALIFICATION.json,r-ef877dac50a89a41ecf0b81ddb0ac4c485774159e142ae9c8b0dba1e770f495c
from-scratch,Run 3,3,30,12993067,56.70362786325135,56.230961677367574,57.253654254869986,accepted_pinned_result_with_portability_caveat,experiments/dbtext-five-stage-policy-pair-2026-09-26/api-s3/recovery-01/QUALIFICATION.json,r-ef877dac50a89a41ecf0b81ddb0ac4c485774159e142ae9c8b0dba1e770f495c
from-scratch,Run 3,3,100,12993067,70.24137222088156,69.32017151089144,70.41968076543328,accepted_pinned_result_with_portability_caveat,experiments/dbtext-five-stage-policy-pair-2026-09-26/api-s3/recovery-01/QUALIFICATION.json,r-ef877dac50a89a41ecf0b81ddb0ac4c485774159e142ae9c8b0dba1e770f495c
from-scratch,Run 4,4,1,12380757,88.98556712928249,87.91877194285136,89.72320967140888,qualified,experiments/dbtext-five-stage-policy-pair-2026-09-26/api-s4/QUALIFICATION.json,r-664e4cd853dd61aaf37e8249d696e363e90074bd961c58c54dee45974d119504
from-scratch,Run 4,4,3,12380757,83.1636754641468,81.68968419954956,83.68874394705921,qualified,experiments/dbtext-five-stage-policy-pair-2026-09-26/api-s4/QUALIFICATION.json,r-664e4cd853dd61aaf37e8249d696e363e90074bd961c58c54dee45974d119504
from-scratch,Run 4,4,10,12380757,80.52744579878733,79.72305330536999,80.80059611754328,qualified,experiments/dbtext-five-stage-policy-pair-2026-09-26/api-s4/QUALIFICATION.json,r-664e4cd853dd61aaf37e8249d696e363e90074bd961c58c54dee45974d119504
from-scratch,Run 4,4,30,12380757,76.91432394687116,76.67085573942343,77.7180428164726,qualified,experiments/dbtext-five-stage-policy-pair-2026-09-26/api-s4/QUALIFICATION.json,r-664e4cd853dd61aaf37e8249d696e363e90074bd961c58c54dee45974d119504
from-scratch,Run 4,4,100,12380757,69.92743267404181,69.18831124510409,70.28380358073252,qualified,experiments/dbtext-five-stage-policy-pair-2026-09-26/api-s4/QUALIFICATION.json,r-664e4cd853dd61aaf37e8249d696e363e90074bd961c58c54dee45974d119504
from-scratch,Run 5,5,1,12486858,73.54464011532576,71.98381730906817,73.57316914507749,qualified,experiments/dbtext-five-stage-policy-pair-2026-09-26/api-s5/recovery-01/QUALIFICATION.json,r-77099eda1216c0b99f697638e6273ff10fa7fb1219a7746266a763315c6a0020
from-scratch,Run 5,5,3,12486858,65.49462557338053,64.22535854222865,65.59807904077782,qualified,experiments/dbtext-five-stage-policy-pair-2026-09-26/api-s5/recovery-01/QUALIFICATION.json,r-77099eda1216c0b99f697638e6273ff10fa7fb1219a7746266a763315c6a0020
from-scratch,Run 5,5,10,12486858,66.34090877650833,66.3041470883348,66.38286016191236,qualified,experiments/dbtext-five-stage-policy-pair-2026-09-26/api-s5/recovery-01/QUALIFICATION.json,r-77099eda1216c0b99f697638e6273ff10fa7fb1219a7746266a763315c6a0020
from-scratch,Run 5,5,30,12486858,65.808067863067,65.09719262847096,66.52070873533036,qualified,experiments/dbtext-five-stage-policy-pair-2026-09-26/api-s5/recovery-01/QUALIFICATION.json,r-77099eda1216c0b99f697638e6273ff10fa7fb1219a7746266a763315c6a0020
from-scratch,Run 5,5,100,12486858,60.56891468195572,60.34223674293743,60.75157318702846,qualified,experiments/dbtext-five-stage-policy-pair-2026-09-26/api-s5/recovery-01/QUALIFICATION.json,r-77099eda1216c0b99f697638e6273ff10fa7fb1219a7746266a763315c6a0020
tools-allowed,Run 1,1,1,16053766,101.41460402838814,101.36754222440486,103.32434739992708,qualified,experiments/dbtext-five-stage-policy-pair-2026-09-26/subscription/stage-01/QUALIFICATION.json,r-769349650dabdf37f260fcbfedcc83fe8fd640eacc47435aa0dbda23967a3174
tools-allowed,Run 1,1,3,16053766,96.38322171843492,95.44819443130153,97.65758562833804,qualified,experiments/dbtext-five-stage-policy-pair-2026-09-26/subscription/stage-01/QUALIFICATION.json,r-769349650dabdf37f260fcbfedcc83fe8fd640eacc47435aa0dbda23967a3174
tools-allowed,Run 1,1,10,16053766,90.26906284803536,88.85402153432427,90.99078308988996,qualified,experiments/dbtext-five-stage-policy-pair-2026-09-26/subscription/stage-01/QUALIFICATION.json,r-769349650dabdf37f260fcbfedcc83fe8fd640eacc47435aa0dbda23967a3174
tools-allowed,Run 1,1,30,16053766,85.82583557520724,84.37082445489321,87.20787050718117,qualified,experiments/dbtext-five-stage-policy-pair-2026-09-26/subscription/stage-01/QUALIFICATION.json,r-769349650dabdf37f260fcbfedcc83fe8fd640eacc47435aa0dbda23967a3174
tools-allowed,Run 1,1,100,16053766,86.50787096980082,85.06611009957113,87.41217429703039,qualified,experiments/dbtext-five-stage-policy-pair-2026-09-26/subscription/stage-01/QUALIFICATION.json,r-769349650dabdf37f260fcbfedcc83fe8fd640eacc47435aa0dbda23967a3174
tools-allowed,Run 2,2,1,10248772,23.38974530056609,23.343054254592577,23.671486971107147,qualified,experiments/dbtext-five-stage-policy-pair-2026-09-26/subscription/stage-02/QUALIFICATION.json,r-2e03e6ed02de3dfa3768698884f2bfe33276feaf9c1fb4eea9a5435964646b0c
tools-allowed,Run 2,2,3,10248772,20.023314859022758,19.467505557212462,20.646264915934236,qualified,experiments/dbtext-five-stage-policy-pair-2026-09-26/subscription/stage-02/QUALIFICATION.json,r-2e03e6ed02de3dfa3768698884f2bfe33276feaf9c1fb4eea9a5435964646b0c
tools-allowed,Run 2,2,10,10248772,17.641278933274045,17.464399243232982,17.704832957950458,qualified,experiments/dbtext-five-stage-policy-pair-2026-09-26/subscription/stage-02/QUALIFICATION.json,r-2e03e6ed02de3dfa3768698884f2bfe33276feaf9c1fb4eea9a5435964646b0c
tools-allowed,Run 2,2,30,10248772,17.05378691204415,16.941375314787013,17.054570829540246,qualified,experiments/dbtext-five-stage-policy-pair-2026-09-26/subscription/stage-02/QUALIFICATION.json,r-2e03e6ed02de3dfa3768698884f2bfe33276feaf9c1fb4eea9a5435964646b0c
tools-allowed,Run 2,2,100,10248772,17.028648476080495,16.877129030558155,17.037073471311796,qualified,experiments/dbtext-five-stage-policy-pair-2026-09-26/subscription/stage-02/QUALIFICATION.json,r-2e03e6ed02de3dfa3768698884f2bfe33276feaf9c1fb4eea9a5435964646b0c
tools-allowed,Run 3,3,1,12821539,76.8792785602405,74.69406619161735,76.99736594054617,qualified,experiments/dbtext-five-stage-policy-pair-2026-09-26/subscription/stage-03/QUALIFICATION.json,r-f935a035331341eb2151fd6d901391a9c46f889fd223f9311f5084521a417145
tools-allowed,Run 3,3,3,12821539,72.53164931601802,71.9219008389532,72.78450439560591,qualified,experiments/dbtext-five-stage-policy-pair-2026-09-26/subscription/stage-03/QUALIFICATION.json,r-f935a035331341eb2151fd6d901391a9c46f889fd223f9311f5084521a417145
tools-allowed,Run 3,3,10,12821539,68.9845789411386,68.49480081605871,69.5989928738101,qualified,experiments/dbtext-five-stage-policy-pair-2026-09-26/subscription/stage-03/QUALIFICATION.json,r-f935a035331341eb2151fd6d901391a9c46f889fd223f9311f5084521a417145
tools-allowed,Run 3,3,30,12821539,66.89682740817548,66.38422513513194,67.29287820070648,qualified,experiments/dbtext-five-stage-policy-pair-2026-09-26/subscription/stage-03/QUALIFICATION.json,r-f935a035331341eb2151fd6d901391a9c46f889fd223f9311f5084521a417145
tools-allowed,Run 3,3,100,12821539,57.12953116173654,56.45425656906565,57.857336181041646,qualified,experiments/dbtext-five-stage-policy-pair-2026-09-26/subscription/stage-03/QUALIFICATION.json,r-f935a035331341eb2151fd6d901391a9c46f889fd223f9311f5084521a417145
tools-allowed,Run 4,4,1,11649248,64.99173094758717,64.34041110597092,66.37571930015024,qualified,experiments/dbtext-five-stage-policy-pair-2026-09-26/subscription/stage-04/QUALIFICATION.json,r-a2562a01009c9ead7a86ca87288202820478ba70f164c662ba610085960f24f2
tools-allowed,Run 4,4,3,11649248,63.47723368540087,62.848326034675864,64.63679092332836,qualified,experiments/dbtext-five-stage-policy-pair-2026-09-26/subscription/stage-04/QUALIFICATION.json,r-a2562a01009c9ead7a86ca87288202820478ba70f164c662ba610085960f24f2
tools-allowed,Run 4,4,10,11649248,57.24965244932998,55.95834634033525,57.410326198717634,qualified,experiments/dbtext-five-stage-policy-pair-2026-09-26/subscription/stage-04/QUALIFICATION.json,r-a2562a01009c9ead7a86ca87288202820478ba70f164c662ba610085960f24f2
tools-allowed,Run 4,4,30,11649248,52.07892454061265,51.67296536068589,52.409606230902654,qualified,experiments/dbtext-five-stage-policy-pair-2026-09-26/subscription/stage-04/QUALIFICATION.json,r-a2562a01009c9ead7a86ca87288202820478ba70f164c662ba610085960f24f2
tools-allowed,Run 4,4,100,11649248,48.15810722372592,47.9811401835454,48.22958223500949,qualified,experiments/dbtext-five-stage-policy-pair-2026-09-26/subscription/stage-04/QUALIFICATION.json,r-a2562a01009c9ead7a86ca87288202820478ba70f164c662ba610085960f24f2
tools-allowed,Run 5,5,1,12600395,71.5146726260499,71.40341443867644,71.55296604256918,qualified,experiments/dbtext-five-stage-policy-pair-2026-09-26/subscription/stage-05/QUALIFICATION.json,r-677ef35e756a60d314c435db7934aed5608661fe1403b9bd243ffb498efcb300
tools-allowed,Run 5,5,3,12600395,69.79187601512274,69.63280888435148,69.97133231666562,qualified,experiments/dbtext-five-stage-policy-pair-2026-09-26/subscription/stage-05/QUALIFICATION.json,r-677ef35e756a60d314c435db7934aed5608661fe1403b9bd243ffb498efcb300
tools-allowed,Run 5,5,10,12600395,66.23403915637563,66.16426020059251,67.85583576035684,qualified,experiments/dbtext-five-stage-policy-pair-2026-09-26/subscription/stage-05/QUALIFICATION.json,r-677ef35e756a60d314c435db7934aed5608661fe1403b9bd243ffb498efcb300
tools-allowed,Run 5,5,30,12600395,68.6907271820308,67.65228263757345,69.32727012359386,qualified,experiments/dbtext-five-stage-policy-pair-2026-09-26/subscription/stage-05/QUALIFICATION.json,r-677ef35e756a60d314c435db7934aed5608661fe1403b9bd243ffb498efcb300
tools-allowed,Run 5,5,100,12600395,86.90198469527213,86.83392418530845,87.2598369182145,qualified,experiments/dbtext-five-stage-policy-pair-2026-09-26/subscription/stage-05/QUALIFICATION.json,r-677ef35e756a60d314c435db7934aed5608661fe1403b9bd243ffb498efcb300
