method,compression_factor,decompression_median_MB_s,package_bytes,result_id
LZ4 default,6.786119454186521,5690.850572719687,9054082,s-f240314cbe27c490a3dfaf8f7dd329d5f85239e9eeeec0ef7d56edc8a6075e91
LZ4 HC-9,9.295842883792284,8047.330162097652,6609630,s-7203c6496867acabdded52038963429b0b4470eb19b50a7827a8371d292993dc
LZ4 HC-12,9.340682080803587,7746.166571733956,6577901,s-1d772fdbba530b34ec5e9c91858ad96d6f9c7afe92886ffb079dae81a48a8ef9
Zstd-1,13.38019480328579,2961.706633328029,4592017,s-e0e7cbb98c42e8aba79fd14be990b8f0c95ca4e5db04e9015916b548503cd414
Zstd-3 (default),12.182327816443285,2631.295865446667,5043542,s-73e8a8887fcf6c3994c6814dac2230179d577053e9d878ae1782d0e977d78c7d
Zstd-19,16.210185476862485,3634.12390594042,3790338,s-de5315e3a281a84fc5b666a26789d0fac23ddc13ca5784fe1def79e88adf2c65
Zstd-20,16.188232944572462,3041.3987465347345,3795478,s-48ffe9b65273489a4c19209a3d514a19e52788110bd519b00abd83c67320a892
Zstd-21,16.28007186941832,3026.0126320911454,3774067,s-4bc909ed981b81172084be882f49cff25574310a3ae577e22f00faea30eed180
Zstd-22,16.28155159200832,3081.2096908784843,3773724,s-42a074c6ff1bec5d3da2ea7e428f44e7929b86415adcde0f1858e1bda7e39fae
Brotli-5,14.052663683168914,933.6606160802457,4372273,s-723c5e2ee3de1449a3fe8874c23e52dd78ae723b5266c0a2aecdaf97ed0a4648
Brotli-9,14.214284177497635,951.4090782905095,4322559,s-cbaed575365be8cd66067716b936e605b2206ae8afa5e76aed7d76f911befbe1
Brotli-11 (default),16.927349857510926,893.6712287104845,3629752,s-0db3c2c91bf7e13c7324efb4f3b31e060b777f0d02483f1c648dded0eae40ed6
zlib-1,8.915450180878546,664.9117875709992,6891641,s-fc51d8411a92daf81efe2d7e135c62c74fbf66f41f4cf76f89b7f13a1cc48f95
zlib-6 (default),11.47399027545047,791.304899601892,5354901,s-734da40c41b760399145441624de8b2fdb3b1b4ca3eeb7cd72607be3f4ef1b7d
zlib-9,12.152738367766903,812.1414790813177,5055822,s-fb7f3cd036b3f82a2c27766c6634a2dc95d2817a04a9f4571a15ab304cfce02d
bzip2-9 (default),15.206177795376924,44.66159533796893,4040600,s-b23ca8920beebe6b851002e72599c79203108cd218570f333d8491b03b5c4e7c
bzip2-1,10.640292542713421,67.27876213366098,5774473,s-3ee69830bf7a7cfd83b3bb57163a887a2f05edea4c513e18de68b8480c60b0ad
XZ-0,12.435654549870467,210.91655130498958,4940800,s-abdd11a20b57e10bc5910f40b9d8f762bd7f88ea85827007c4ce3a3f6f350381
XZ-6 (default),15.656347179965447,214.81032006946694,3924420,s-85c07a43c1946cc707edcad7ff653c869ed260842cbb8e53be891842fa9bd95d
XZ-9,15.635120114572231,208.5573659347778,3929748,s-ed60947701d4b01578c3a0c53bb0e06009dae7f1f550fd18cbc32cd6627e4b20
FSST (bulk),1.626304337773659,2512.440205826652,37780187,fresh-process-20260925-b99ce64c63e5ff3b53901c3f9335511bea3f3f5c34064ef79b179e3e8662b3b4
OnPair+,4.613776190777987,7836.328569796058,13317092,fresh-process-20260925-652acd92513cbc685192d62302f88319fdc1accffeb08ce7e107866446b7d96b
