method,compression_factor,decompression_median_MB_s,package_bytes,result_id
LZ4 default,2.1520826675326648,2520.017852816976,46466610,fresh-server-replay
LZ4 HC-9,2.910846070130209,2498.676351004508,34354268,fresh-server-replay
LZ4 HC-12,2.9426782095001203,2545.9593722365994,33982644,fresh-server-replay
Zstd-1,3.091795132060637,1024.9590477555134,32343665,fresh-server-replay
Zstd-3 (default),3.525175254112294,883.316263685806,28367380,fresh-server-replay
Zstd-19,4.9430662981445455,776.950652399727,20230355,fresh-server-replay
Zstd-20,5.229875332306325,807.8583331673185,19120912,fresh-server-replay
Zstd-21,5.386301620436751,853.7679315516394,18565612,fresh-server-replay
Zstd-22,5.449241588072699,847.0292203522686,18351175,fresh-server-replay
Brotli-5,3.9975192191756546,376.74521594541494,25015511,fresh-server-replay
Brotli-9,4.34903299672683,417.30897203398524,22993614,fresh-server-replay
Brotli-11 (default),4.861603782056022,431.9648766199501,20569341,fresh-server-replay
zlib-1,2.9487682698335655,266.48271575409024,33912460,fresh-server-replay
zlib-6 (default),3.4714321058428688,280.904272891955,28806551,fresh-server-replay
zlib-9,3.486675580237813,277.5409787022711,28680611,fresh-server-replay
bzip2-9 (default),4.185473158180186,28.806329671473925,23892158,fresh-server-replay
bzip2-1,3.6507132180369792,37.949887598280455,27391904,fresh-server-replay
XZ-0,3.4796101082409425,45.80028739656885,28738848,fresh-server-replay
XZ-6 (default),5.0051936900114935,69.82522396265666,19979244,fresh-server-replay
XZ-9,5.497781644795755,77.60062641283066,18189152,fresh-server-replay
FSST (bulk),1.8534717671819683,2579.225593597247,53952797,fresh-server-replay
OnPair+,3.2247430830702317,4779.210526881749,31010218,fresh-server-replay
