arm,name,stage,package_bytes,ratio,median,low,high,qualification,source,result_id
baseline,FSST,0,24043323,1.6570649156940578,650.319598261022,632.3506512142364,659.3228953007307,baseline,fresh-final-benchmark,fresh-server-replay
baseline,FSST-column,0,18311836,2.175715586356278,1302.4540228678873,1282.0222664035864,1318.4362683201098,baseline,fresh-final-benchmark,fresh-server-replay
baseline,LZ4-paper-1000,0,29903706,1.3323213851821576,858.6645614003932,846.7868024662173,864.5125307983027,baseline,fresh-final-benchmark,fresh-server-replay
baseline,OnPair+,0,16182500,2.462001977444771,2403.8469300853535,2357.4539742495913,2420.9941588198685,baseline,fresh-final-benchmark,fresh-server-replay
baseline,Uncompressed,0,39841347,1.0,13261.908851425707,13110.62704784921,13627.132331262197,baseline,fresh-final-benchmark,fresh-server-replay
baseline,LZ4-default,0,24606522,1.6191376822778936,1634.1349319970193,1618.8793881362908,1638.8164492614037,baseline,fresh-final-benchmark,fresh-server-replay
baseline,LZ4-HC9,0,17238273,2.3112145282767016,1889.3659513622324,1867.5828669690322,1911.2873629894593,baseline,fresh-final-benchmark,fresh-server-replay
baseline,LZ4-HC12,0,17051360,2.336549518630772,2157.618621958681,2111.695647525814,2165.5649419499828,baseline,fresh-final-benchmark,fresh-server-replay
baseline,Zstd-1,0,15383446,2.5898844121141646,985.072940775753,957.231184201741,996.948400080784,baseline,fresh-final-benchmark,fresh-server-replay
baseline,Zstd-3,0,14391433,2.768407218377767,806.7599296052863,788.4997830313538,812.1879646823525,baseline,fresh-final-benchmark,fresh-server-replay
baseline,Zstd-19,0,11652481,3.4191299689739894,871.893156782689,858.7044437293126,875.6136973087768,baseline,fresh-final-benchmark,fresh-server-replay
baseline,Zstd-20,0,11652481,3.4191299689739894,873.3069153771194,852.2216725606796,876.9660439618516,baseline,fresh-final-benchmark,fresh-server-replay
baseline,Zstd-21,0,11652478,3.419130849249404,871.1090384586665,854.9975535535707,879.1277502870859,baseline,fresh-final-benchmark,fresh-server-replay
baseline,Zstd-22,0,11652454,3.419137891469042,868.300354291181,861.3428642253467,869.5391801129495,baseline,fresh-final-benchmark,fresh-server-replay
baseline,Brotli-5,0,13208824,3.01626753449058,278.5587627565235,277.2225033937734,279.85307620200626,baseline,fresh-final-benchmark,fresh-server-replay
baseline,Brotli-9,0,12630142,3.1544654842360442,295.6236819953568,293.97388303016766,296.2357714326528,baseline,fresh-final-benchmark,fresh-server-replay
baseline,Brotli-11,0,11410489,3.491642382723475,228.45207671828814,227.88104311628962,229.14065376967025,baseline,fresh-final-benchmark,fresh-server-replay
baseline,zlib-1,0,16668592,2.3902047035526457,216.59877633657476,215.7517531186771,217.17127300580393,baseline,fresh-final-benchmark,fresh-server-replay
baseline,zlib-6,0,14547690,2.7386717066420854,211.04403450173618,210.44487207396836,211.42198366708956,baseline,fresh-final-benchmark,fresh-server-replay
baseline,zlib-9,0,14386051,2.7694429138336853,213.24653729091253,212.436620685291,213.39100701612227,baseline,fresh-final-benchmark,fresh-server-replay
baseline,bzip2-1,0,12587110,3.1652497674207978,27.76790660756015,27.743963450870318,27.775836494019984,baseline,fresh-final-benchmark,fresh-server-replay
baseline,bzip2-9,0,11280163,3.531983270099909,20.387463884303003,20.213269571959067,20.429198906741515,baseline,fresh-final-benchmark,fresh-server-replay
baseline,XZ-0,0,15017388,2.653014425677754,37.18739239594668,37.14310600976831,37.212671531994836,baseline,fresh-final-benchmark,fresh-server-replay
baseline,XZ-6,0,11611576,3.4311748034892076,48.29621988266546,48.263409848493964,48.343081492101575,baseline,fresh-final-benchmark,fresh-server-replay
baseline,XZ-9,0,11611576,3.4311748034892076,46.762846302865455,46.06610727476057,46.818723199588845,baseline,fresh-final-benchmark,fresh-server-replay
from-scratch,Run 1,1,16072097,2.4789140458771497,4003.3113620866675,3948.8340975846418,4055.995584978175,qualified,fresh-final-benchmark,fresh-server-replay
from-scratch,Run 2,2,10517944,3.7879405899099674,167.6654558016481,167.40211371552888,170.43244324434326,qualified,fresh-final-benchmark,fresh-server-replay
from-scratch,Run 3,3,12993067,3.0663543103410458,1195.9345543340264,1163.3033814252308,1212.4960844000216,accepted_pinned_result_with_portability_caveat,fresh-final-benchmark,fresh-server-replay
from-scratch,Run 4,4,12380757,3.2180057326058495,1563.8219127690065,1536.219191633626,1567.0554332624117,qualified,fresh-final-benchmark,fresh-server-replay
tools-allowed,Run 1,1,16057814,2.4811189742265043,5159.112849058707,5055.825645899862,5308.639091635152,qualified,fresh-final-benchmark,fresh-server-replay
tools-allowed,Run 2,2,10248772,3.887426415574471,19.91461311480882,19.731924686366348,20.033956891586502,qualified,fresh-final-benchmark,fresh-server-replay
tools-allowed,Run 3,3,12821539,3.107376345382563,1678.9320077860368,1610.00769415414,1692.5143902402656,qualified,fresh-final-benchmark,fresh-server-replay
tools-allowed,Run 4,4,11649248,3.4200788754776275,399.73535083432057,395.1222204403976,401.40640836359205,qualified,fresh-final-benchmark,fresh-server-replay
boundary-only,Run 1,1,16048384,2.4825768750299098,3451.2368159674597,3363.958647673552,3504.0081454881133,qualified,fresh-final-benchmark,fresh-server-replay
boundary-only,Run 2,2,10338776,3.8535845055546227,112.7584498888645,111.11651552463478,114.6781025269263,qualified,fresh-final-benchmark,fresh-server-replay
boundary-only,Run 3,3,12997570,3.065291973807412,1992.9447439235125,1951.610656256861,2036.4032079013043,qualified,fresh-final-benchmark,fresh-server-replay
boundary-only,Run 4,4,12228090,3.258182349001357,1329.4080306810595,1311.377467241687,1360.7146146840255,qualified,fresh-final-benchmark,fresh-server-replay
glm,Run 1,1,15428538,2.582315122793877,785.837396922734,761.8334608048215,793.3295624903525,qualified,fresh-final-benchmark,fresh-server-replay
glm,Run 2,2,13690308,2.910186315749799,221.4976997958037,220.67378234687038,224.1894613751752,qualified,fresh-final-benchmark,fresh-server-replay
glm,Run 3,3,13382215,2.9771862879201985,1047.8522477288293,1027.5203139236648,1065.8623975897772,qualified,fresh-final-benchmark,fresh-server-replay
glm,Run 4,4,12005569,3.318572155971949,277.1075619790898,275.2303694949173,278.4946313901111,qualified,fresh-final-benchmark,fresh-server-replay
