method,result_id,original_bytes,archive_bytes,codec_bytes,package_bytes,package_factor,encode_MB_s,decode_MB_s,strict_deployment_bytes
lz4,s-fbe13e3e895b59dbda2d59e8e3bcbf531530168f00489313cb4982051327fe43,39841347,24606522,0,24606522,1.6191376822778936,774.0763710101879,4941.797173124627,24760458
lz4hc9,s-09572641f859ef1589c55c459127912e1ec579231a253638f2a9addf8ccb426b,39841347,17238273,0,17238273,2.3112145282767016,31.68248247676011,4778.030222897648,17392209
lz4hc12,s-a1628d07c1cbbec711ba6c27dd0f2442676aed7fabb457872cd75622c70bed55,39841347,17051360,0,17051360,2.336549518630772,19.0397729119717,5056.104748186831,17205296
zstd1,s-2c962a16139c8378399637e482b7a33d3ae9eb9af9ebd765430bcdeb681f1ba1,39841347,15383446,0,15383446,2.5898844121141646,479.2925549038488,1927.9523312481763,16155846
zstd3,s-e5d44141c0c6863cbe96973b4f4de123e2e3eae9c449ff2e31620dd01540c3cf,39841347,14391433,0,14391433,2.768407218377767,268.8942474544965,1861.218305584335,15163833
zstd19,s-89a3931b5f16fe65779659c73d2c93bdef21df873d916d8beca20e0c1b41353f,39841347,11652481,0,11652481,3.4191299689739894,3.9186622869303673,1984.0086046492054,12424881
zstd20,s-cde74913cf72618bcca8af904bf1593f3d27b1dc788c2e6ebd7f2394261b37b3,39841347,11652481,0,11652481,3.4191299689739894,3.951223023387699,1921.2662857859314,12424881
zstd21,s-797bd9a62180791b71cc603eb83ef9a4e8d196fc5e74a69263e5b9f6614b3d37,39841347,11652478,0,11652478,3.419130849249404,3.7619324945895896,1837.695421507136,12424878
zstd22,s-74906bedc8f96b254e54549fdb32b1aa704793fcd1abb5ebb7d66c240f63e062,39841347,11652454,0,11652454,3.419137891469042,3.9794117892379437,1941.9327631438302,12424854
brotli5,s-1227681321d5b292035c71097adf5fb435185c4e93a5256aa1ec2b8735b6e743,39841347,13208824,0,13208824,3.01626753449058,43.1189798539742,515.238804012359,13418552
brotli9,s-0f542698d84c46263821d014b01b69aab7b5d43837a35b40f7e30921613f225f,39841347,12630142,0,12630142,3.1544654842360442,13.119586198215815,490.6929749674743,12839870
brotli11,s-479743034d476cbeaffa405c2a204529c844e8f82db0644893f8aa1cc1b1c681,39841347,11410489,0,11410489,3.491642382723475,1.0388210806219662,431.3972495327175,11620217
zlib1,s-1ab4c26a73344cb3a2953f646b51661868138401a41bbb936d91282b555720e7,39841347,16668592,0,16668592,2.3902047035526457,129.85802271887079,421.12283915477923,16798168
zlib6,s-bbf8fc6c9b5b3921c0584a68cf95e47b7b7004f0ae2b7b7ad119cdee9527a304,39841347,14547690,0,14547690,2.7386717066420854,35.320259857047255,431.93274696253354,14677266
zlib9,s-2b3677c4d39504feb81e706af1b77c9b340fc927157562028957ef8a3ea4be1e,39841347,14386051,0,14386051,2.7694429138336853,16.866904508029883,394.006721523457,14515627
bzip2-1,s-5a0e538eab282a2054cbb10ba2fc69717f84ff08b3ad19425c56c79a4456364d,39841347,12587110,0,12587110,3.1652497674207978,22.763809941750086,53.14594027152661,12682630
bzip2-9,s-8a4257747f1f4cab61fd343358b984f836af8f12afb89765fdd0817cfa08dd52,39841347,11280163,0,11280163,3.531983270099909,20.120948284311513,42.25758329809707,11375683
xz0,s-012cab6178c59495e3233764262bfb505c0199908cecdce814b8736283739195,39841347,15017388,0,15017388,2.653014425677754,21.25120307933006,67.20594510410287,15236876
xz6,s-4c35d3e0927ac0044329cd2eab38919ae07cdcfddb0dc9312040057cc51e32dc,39841347,11611576,0,11611576,3.4311748034892076,3.648107523991023,97.40645500825958,11831064
xz9,s-ba335f5e7dfbf4fa379b414d5900da34c471d73dcbca763220862e22fed0579b,39841347,11611576,0,11611576,3.4311748034892076,3.231986429353002,94.99268181713589,11831064
raw-copy,s-1f8f1439752fd12bbb80eec2c734a4ec66a40dd0d00f4745efad33c28d9bfe8a,39841347,39841531,0,39841531,0.9999953817035796,17676.93171850438,31435.644322128715,39858043
fsst,s-de81206a756237ae89b36071458bdd1cdd56abb23b282ea5e7824d15d8ba6e10,39841347,24941267,0,24941267,1.5974066995072864,330.0621830544,5783.783944648271,25013251
onpairplus,s-4c1785d28929af4befd97c4c50e48ab03966c8fc3c9a12809d18eac194df79d0,39841347,22197790,0,22197790,1.7948339451810293,51.16706130282997,2731.9670896866787,22214574
dbtext-astra-from-scratch-01-maximum-decompression,s-7352447bc4ec638502f3847a6bc13881b5bc6eb366b584c8a0ba55a864260131,39841347,16041257,30840,16072097,2.4789140458771497,2.1818042108575546,10290.220643385659,16072097
