arm,name,stage,percent,package_bytes,median,low,high,qualification,source,result_id
baseline,OnPair+ row adapter,0,1,27713500,78.3733,77.22739999999999,79.59389999999999,independently verified hybrid,fresh-final-benchmark,fresh-server-replay
baseline,OnPair+ row adapter,0,3,27713500,68.20439999999999,66.36439999999999,68.946,independently verified hybrid,fresh-final-benchmark,fresh-server-replay
baseline,OnPair+ row adapter,0,10,27713500,71.14439999999999,67.9833,71.4221,independently verified hybrid,fresh-final-benchmark,fresh-server-replay
baseline,OnPair+ row adapter,0,30,27713500,70.625,69.431,71.30189999999999,independently verified hybrid,fresh-final-benchmark,fresh-server-replay
baseline,OnPair+ row adapter,0,100,27713500,68.3832,67.7144,69.136,independently verified hybrid,fresh-final-benchmark,fresh-server-replay
baseline,FSST,0,1,24043323,50.436800000000005,48.6706,51.0454,pinned reference replay,fresh-final-benchmark,fresh-server-replay
baseline,FSST,0,3,24043323,47.267,46.198699999999995,47.522400000000005,pinned reference replay,fresh-final-benchmark,fresh-server-replay
baseline,FSST,0,10,24043323,45.2899,44.357099999999996,45.6524,pinned reference replay,fresh-final-benchmark,fresh-server-replay
baseline,FSST,0,30,24043323,43.6008,43.2577,43.7683,pinned reference replay,fresh-final-benchmark,fresh-server-replay
baseline,FSST,0,100,24043323,40.7209,40.4581,40.923300000000005,pinned reference replay,fresh-final-benchmark,fresh-server-replay
baseline,LZ4 block,0,1,29903706,0.9430230000000001,0.937956,0.943918,pinned reference replay,fresh-final-benchmark,fresh-server-replay
baseline,LZ4 block,0,3,29903706,2.77006,2.75181,2.77574,pinned reference replay,fresh-final-benchmark,fresh-server-replay
baseline,LZ4 block,0,10,29903706,8.58389,8.559610000000001,8.64992,pinned reference replay,fresh-final-benchmark,fresh-server-replay
baseline,LZ4 block,0,30,29903706,21.5745,21.532400000000003,21.789099999999998,pinned reference replay,fresh-final-benchmark,fresh-server-replay
baseline,LZ4 block,0,100,29903706,48.175599999999996,48.0385,48.299699999999994,pinned reference replay,fresh-final-benchmark,fresh-server-replay
from-scratch,Run 1,1,1,16072097,58.80142908447709,58.08488707520069,59.98514202981653,qualified,fresh-final-benchmark,fresh-server-replay
from-scratch,Run 1,1,3,16072097,59.62440842418121,58.44032226476655,59.84931853138919,qualified,fresh-final-benchmark,fresh-server-replay
from-scratch,Run 1,1,10,16072097,62.896390739355994,62.22333050805144,63.530790627827265,qualified,fresh-final-benchmark,fresh-server-replay
from-scratch,Run 1,1,30,16072097,63.67629991315544,63.52015285230394,64.02525974781182,qualified,fresh-final-benchmark,fresh-server-replay
from-scratch,Run 1,1,100,16072097,57.691304785862066,57.59588190584712,57.95934439572655,qualified,fresh-final-benchmark,fresh-server-replay
from-scratch,Run 2,2,1,10517944,1.7349419644563562,1.731998780457287,1.7481613041599038,qualified,fresh-final-benchmark,fresh-server-replay
from-scratch,Run 2,2,3,10517944,2.0225751683031263,2.0105091851210632,2.0339473714302008,qualified,fresh-final-benchmark,fresh-server-replay
from-scratch,Run 2,2,10,10517944,2.8430641743334943,2.799644177299913,2.850317480914879,qualified,fresh-final-benchmark,fresh-server-replay
from-scratch,Run 2,2,30,10517944,4.84569120850363,4.742624441713637,4.86954107844906,qualified,fresh-final-benchmark,fresh-server-replay
from-scratch,Run 2,2,100,10517944,8.841920371954426,8.733493910816078,8.92786920615554,qualified,fresh-final-benchmark,fresh-server-replay
from-scratch,Run 3,3,1,12993067,42.102074642623435,40.20942286941248,42.70141283227632,accepted_pinned_result_with_portability_caveat,fresh-final-benchmark,fresh-server-replay
from-scratch,Run 3,3,3,12993067,44.540579038523155,42.80928650032361,46.09866266515015,accepted_pinned_result_with_portability_caveat,fresh-final-benchmark,fresh-server-replay
from-scratch,Run 3,3,10,12993067,47.37388439288193,46.7111331921624,47.814992731981285,accepted_pinned_result_with_portability_caveat,fresh-final-benchmark,fresh-server-replay
from-scratch,Run 3,3,30,12993067,46.21099164902354,45.62260952501273,46.213387642808,accepted_pinned_result_with_portability_caveat,fresh-final-benchmark,fresh-server-replay
from-scratch,Run 3,3,100,12993067,56.68754201746354,55.65353105777946,57.09954167473228,accepted_pinned_result_with_portability_caveat,fresh-final-benchmark,fresh-server-replay
from-scratch,Run 4,4,1,12380757,58.51809643196361,51.61594062147512,58.76450390850086,qualified,fresh-final-benchmark,fresh-server-replay
from-scratch,Run 4,4,3,12380757,59.62014645234181,58.90888356043501,62.64727603262303,qualified,fresh-final-benchmark,fresh-server-replay
from-scratch,Run 4,4,10,12380757,62.08110783207216,60.55656033727517,64.30464283224008,qualified,fresh-final-benchmark,fresh-server-replay
from-scratch,Run 4,4,30,12380757,61.343281086271034,59.795409174668734,61.563446991727574,qualified,fresh-final-benchmark,fresh-server-replay
from-scratch,Run 4,4,100,12380757,55.353878668182205,55.324419536274696,55.41975072644967,qualified,fresh-final-benchmark,fresh-server-replay
tools-allowed,Run 1,1,1,16057814,68.48902721118758,67.8798330207173,69.55908820715355,qualified,fresh-final-benchmark,fresh-server-replay
tools-allowed,Run 1,1,3,16057814,73.02225884412587,72.51999911663191,74.9580165993201,qualified,fresh-final-benchmark,fresh-server-replay
tools-allowed,Run 1,1,10,16057814,74.20816837856755,73.6384360390703,76.96213981590418,qualified,fresh-final-benchmark,fresh-server-replay
tools-allowed,Run 1,1,30,16057814,76.09605443934925,74.57425614115695,77.92251997948212,qualified,fresh-final-benchmark,fresh-server-replay
tools-allowed,Run 1,1,100,16057814,71.6167124775265,71.15018408556249,74.58123346427945,qualified,fresh-final-benchmark,fresh-server-replay
tools-allowed,Run 2,2,1,10248772,19.778667576847898,19.48529719815588,19.8282553351867,qualified,fresh-final-benchmark,fresh-server-replay
tools-allowed,Run 2,2,3,10248772,16.958468387742553,16.744997304638918,17.186497332712456,qualified,fresh-final-benchmark,fresh-server-replay
tools-allowed,Run 2,2,10,10248772,15.232677447543246,15.201023985475514,15.338636638256226,qualified,fresh-final-benchmark,fresh-server-replay
tools-allowed,Run 2,2,30,10248772,14.49991573593038,14.463370951510047,14.512003161667323,qualified,fresh-final-benchmark,fresh-server-replay
tools-allowed,Run 2,2,100,10248772,14.386479704031519,14.362367956146036,14.395163789118687,qualified,fresh-final-benchmark,fresh-server-replay
tools-allowed,Run 3,3,1,12821539,50.24836403095239,50.147373693325875,50.42378797739063,qualified,fresh-final-benchmark,fresh-server-replay
tools-allowed,Run 3,3,3,12821539,52.29596697183074,51.410351419862025,54.25471809865029,qualified,fresh-final-benchmark,fresh-server-replay
tools-allowed,Run 3,3,10,12821539,56.513249106698495,55.465830885241665,57.548923863840905,qualified,fresh-final-benchmark,fresh-server-replay
tools-allowed,Run 3,3,30,12821539,57.17763203701364,56.736241571956846,57.29837301839804,qualified,fresh-final-benchmark,fresh-server-replay
tools-allowed,Run 3,3,100,12821539,49.60458290382512,49.56639189623949,49.98613727714848,qualified,fresh-final-benchmark,fresh-server-replay
tools-allowed,Run 4,4,1,11649248,44.98973117692833,43.570274019713935,46.32463090447211,qualified,fresh-final-benchmark,fresh-server-replay
tools-allowed,Run 4,4,3,11649248,47.6900046832336,47.22250809262667,47.72076796613967,qualified,fresh-final-benchmark,fresh-server-replay
tools-allowed,Run 4,4,10,11649248,45.65927103913231,45.07600982518196,46.403347457398965,qualified,fresh-final-benchmark,fresh-server-replay
tools-allowed,Run 4,4,30,11649248,43.8201954241229,43.42762363635754,44.182772485143076,qualified,fresh-final-benchmark,fresh-server-replay
tools-allowed,Run 4,4,100,11649248,40.199456539785196,40.032972589185164,40.365551474047074,qualified,fresh-final-benchmark,fresh-server-replay
