method,result_id,original_bytes,archive_bytes,codec_bytes,package_bytes,package_factor,bits_per_byte,roundtrip_failures,encode_MB_s,decode_MB_s,strict_deployment_bytes
lz4,s-5b6effa36154701fca9dd28ad36be854a9a7748374c2407e04729ba0db891278,99999986,46466610,0,46466610,2.1520826675326648,3.7173293204261046,0,382.55615604766183,2520.017852816976,46620546
lz4hc9,s-10829bf693dbaef90b3cb0af6149bceaedeafe244d1f9e1199dd66276aaa4e01,99999986,34354268,0,34354268,2.910846070130209,2.7483418247678553,0,20.867535149979144,2498.676351004508,34508204
lz4hc12,s-1642bc00ad05a6fa63a697260dc19331af1a51e84690e8c25bf518c3eb1b6420,99999986,33982644,0,33982644,2.9426782095001203,2.718611900605666,0,7.004627947685914,2545.9593722365994,34136580
zstd1,s-5f08f09df4b23af22363f2218b52743b96929a7ca0d8b50053b3fd8f80cef8da,99999986,32343665,0,32343665,3.091795132060637,2.5874935622490987,0,280.1998384406733,1024.9590477555134,33116065
zstd3,s-996043cbc295860b17cb42657cec7654efd8ff75583bc7142559c073b2301a38,99999986,28367380,0,28367380,3.525175254112294,2.2693907177147006,0,177.02290832534607,883.316263685806,29139780
zstd19,s-3eda2aad550fa5d2ee104bfc7d0c4db0c60e0cdd6da0ba21fe6ce8371ad43064,99999986,20230355,0,20230355,4.9430662981445455,1.6184286265800076,0,1.388183126000329,776.950652399727,21002755
zstd20,s-aca392e4900746b9c19973e499a58341bab0d1b38c3941f87174a8c7da55a6be,99999986,19120912,0,19120912,5.229875332306325,1.5296731741542444,0,1.2319415843144275,807.8583331673185,19893312
zstd21,s-8837d9e385704723d56dc99d1d6a78eec2ea1e4c80a3c369d33410de185b7a6a,99999986,18565612,0,18565612,5.386301620436751,1.4852491679348836,0,1.134393871437032,853.7679315516394,19338012
zstd22,s-b7968563778d21913d6b90a6749f86ce3a79a190c58f65ebc3a2b954b74e62cf,99999986,18351175,0,18351175,5.449241588072699,1.4680942055331887,0,0.9997791643782202,847.0292203522686,19123575
brotli5,s-14746d66126666d853ac3b8162a2faa1ba47255cc6fcaab171937854f16f899f,99999986,25015511,0,25015511,3.9975192191756546,2.0012411601737625,0,34.26281313959387,376.74521594541494,25225239
brotli9,s-779ae5d1a4503c5ab1534aa52494b59ba419820a862bffc6d1f115caed0a0e4e,99999986,22993614,0,22993614,4.34903299672683,1.8394893775285128,0,7.7618362097458515,417.30897203398524,23203342
brotli11,s-3b943a4cdeca2bc717b21624314baf0b5379ab47b59ef7128de2ea5ec7fb0d44,99999986,20569341,0,20569341,4.861603782056022,1.6455475103766515,0,0.5175780526323175,431.9648766199501,20779069
zlib1,s-11420f410e5a586a13a9aafe48492d6b7dd4ef4de0eccaed62662fc38b1454dd,99999986,33912460,0,33912460,2.9487682698335655,2.712997179819605,0,89.50738873125054,266.48271575409024,34042036
zlib6,s-f8855d6c4513e22d37f5542aac4dc5e4cbdd9bec45e5c0f1159088e6ab8da493,99999986,28806551,0,28806551,3.4714321058428688,2.304524402633416,0,27.669144910514817,280.904272891955,28936127
zlib9,s-9ac29c952728c38163bc2fad082ec359b6fc17a374d27d28173bd93063f4d831,99999986,28680611,0,28680611,3.486675580237813,2.2944492012228883,0,7.512261966998348,277.5409787022711,28810187
bzip2-1,s-94ccc9f2fc0a3c57ff89ab6ed63df2ecd60d72d3468546c2d4b43399861bae65,99999986,27391904,0,27391904,3.6507132180369792,2.1913526267893677,0,15.485740289479208,37.949887598280455,27487424
bzip2-9,s-903f79d18939422783515e716508eb84a669b185728a188f8b5a2a64403eb048,99999986,23892158,0,23892158,4.185473158180186,1.911372907592207,0,14.772491255958817,28.806329671473925,23987678
xz0,s-4372e81b458b6ae60130dd536ad6356dd783a66be929376fb44218373eed2b15,99999986,28738848,0,28738848,3.4796101082409425,2.2991081618751426,0,14.951744545254488,45.80028739656885,28958336
xz6,s-ee34c9048fbc86593c1a109e6112f0aaaec5ddcfb8d680e490a1b5e72bd1d3f5,99999986,19979244,0,19979244,5.0051936900114935,1.5983397437675642,0,1.0585468422872482,69.82522396265666,20198732
xz9,s-6926d99ce0cb67a8c13b287197ca59d10de26ecb31515788daab6d80bbc2b0ec,99999986,18189152,0,18189152,5.497781644795755,1.455132363718531,0,0.8601237600889824,77.60062641283066,18408640
raw-copy,s-f0c02a08af0ebb56b93288cd2ccb18628ac6840634004bed1de5edb35c7d2f47,99999986,99999994,0,99999994,0.9999999199999952,8.00000064000009,0,10979.48504890373,10438.721356666523,100016506
astra-python-from-scratch-run-01,s-1496e3a2b337d8ef37df4c6f374670230b609e38a47dcf7174b37627cc341a89,99999986,29921696,13928,29935624,3.340501136705886,2.3948502552790356,0,5.797769216261026,4869.176695143239,29935624
astra-python-from-scratch-run-02,s-8ce43b7b04bac67088e664956cfd75bf5c0b12a4999603390812ba3d8ccf2af6,99999986,16771787,18392,16790179,5.9558618166012405,1.343214508050031,0,27.138853966712254,135.48945134196123,16790179
astra-python-from-scratch-run-03,s-4d190be2c302b8e3b23778d8eccd4eccbf52c8334ad04d9a67dea50a97286aba,99999986,22387577,18448,22406025,4.463084639064716,1.7924822509475151,0,0.7033224056218779,913.9863168734521,22406025
astra-python-from-scratch-run-04,s-5c8ec67f2a02b7620ac12afa3d833dbc8f5a006eeca6ecaaf6cf42799fbfa092,99999986,19296003,26648,19322651,5.175272585526696,1.5458122964137215,0,203.5580710017002,1019.1537229624465,19322651
