method,configuration,mode,selected_rows_percent,original_bytes,package_bytes,compression_factor,decompression_median_MB_s,row_access_median_Mrows_s
FSST,indexed rows,bulk,,39841347,24043323,1.6570649156940578,1194.912095952516,
FSST,whole column,bulk,,39841347,18311836,2.175715586356278,2927.125416838616,
LZ4,1000-row blocks,bulk,,39841347,29903706,1.3323213851821576,1487.0281336658727,
OnPair+,,bulk,,39841347,16182500,2.462001977444771,4361.396834613082,
Uncompressed,,bulk,,39841347,39841347,1.0,14187.558957036012,
LZ4-default,,bulk,,39841347,24606522,1.6191376822778936,2994.506348943048,
LZ4-HC9,,bulk,,39841347,17238273,2.3112145282767016,2549.4203528242642,
LZ4-HC12,,bulk,,39841347,17051360,2.336549518630772,2337.0201747708197,
Zstd-1,,bulk,,39841347,15383446,2.5898844121141646,1175.6527883540657,
Zstd-3,,bulk,,39841347,14391433,2.768407218377767,924.4926652549603,
Zstd-19,,bulk,,39841347,11652481,3.4191299689739894,1041.2494372176957,
Zstd-20,,bulk,,39841347,11652481,3.4191299689739894,1054.3813462533728,
Zstd-21,,bulk,,39841347,11652478,3.419130849249404,1065.5402792567904,
Zstd-22,,bulk,,39841347,11652454,3.419137891469042,1061.5962681249978,
Brotli-5,,bulk,,39841347,13208824,3.01626753449058,347.32371454687075,
Brotli-9,,bulk,,39841347,12630142,3.1544654842360442,376.39003466629634,
Brotli-11,,bulk,,39841347,11410489,3.491642382723475,291.8114456122725,
zlib-1,,bulk,,39841347,16668592,2.3902047035526457,277.10723625570756,
zlib-6,,bulk,,39841347,14547690,2.7386717066420854,272.11351990064037,
zlib-9,,bulk,,39841347,14386051,2.7694429138336853,273.0802274563496,
bzip2-1,,bulk,,39841347,12587110,3.1652497674207978,35.65633711192349,
bzip2-9,,bulk,,39841347,11280163,3.531983270099909,23.06466930350025,
XZ-0,,bulk,,39841347,15017388,2.653014425677754,48.1035094861079,
XZ-6,,bulk,,39841347,11611576,3.4311748034892076,63.32288537870512,
XZ-9,,bulk,,39841347,11611576,3.4311748034892076,61.781403181472804,
OnPair+,OnPair16 row adapter,rows,1,39841347,27713500,1.437615133418731,,93.14477485624663
OnPair+,OnPair16 row adapter,rows,3,39841347,27713500,1.437615133418731,,77.0316976565303
OnPair+,OnPair16 row adapter,rows,10,39841347,27713500,1.437615133418731,,80.29326228829096
OnPair+,OnPair16 row adapter,rows,30,39841347,27713500,1.437615133418731,,82.89621044035769
OnPair+,OnPair16 row adapter,rows,100,39841347,27713500,1.437615133418731,,80.06248611531208
FSST,indexed rows,rows,1,39841347,24043323,1.6570649156940578,,54.17027393032534
FSST,indexed rows,rows,3,39841347,24043323,1.6570649156940578,,53.077356899691885
FSST,indexed rows,rows,10,39841347,24043323,1.6570649156940578,,51.60021030307675
FSST,indexed rows,rows,30,39841347,24043323,1.6570649156940578,,51.54639527613368
FSST,indexed rows,rows,100,39841347,24043323,1.6570649156940578,,47.62515727832201
LZ4,1000-row blocks,rows,1,39841347,29903706,1.3323213851821576,,1.1644960590452267
LZ4,1000-row blocks,rows,3,39841347,29903706,1.3323213851821576,,3.420676058320125
LZ4,1000-row blocks,rows,10,39841347,29903706,1.3323213851821576,,10.657649301214642
LZ4,1000-row blocks,rows,30,39841347,29903706,1.3323213851821576,,26.739849001978985
LZ4,1000-row blocks,rows,100,39841347,29903706,1.3323213851821576,,59.24317123638387
OnPair+,previous 1000-row block adapter,rows,1,39841347,38402648,1.037463536368638,,1.1262208275630607
OnPair+,previous 1000-row block adapter,rows,3,39841347,38402648,1.037463536368638,,3.3603217351678722
OnPair+,previous 1000-row block adapter,rows,10,39841347,38402648,1.037463536368638,,10.477015857748555
OnPair+,previous 1000-row block adapter,rows,30,39841347,38402648,1.037463536368638,,27.405762051443396
OnPair+,previous 1000-row block adapter,rows,100,39841347,38402648,1.037463536368638,,61.463888884792624
