arm,name,stage,package_bytes,ratio,median,low,high,qualification,source,result_id
baseline,FSST,0,24043323,1.6570649156940578,1194.912095952516,1171.1766073142621,1241.6533501457818,baseline,experiments/dbtext-five-stage-policy-pair-2026-09-26/targets/REFERENCES.json,
baseline,FSST-column,0,18311836,2.175715586356278,2927.125416838616,2784.350341616496,3042.8660721364004,baseline,experiments/dbtext-five-stage-policy-pair-2026-09-26/targets/REFERENCES.json,
baseline,LZ4-paper-1000,0,29903706,1.3323213851821576,1487.0281336658727,1455.4907243550495,1531.859112329192,baseline,experiments/dbtext-five-stage-policy-pair-2026-09-26/targets/REFERENCES.json,
baseline,OnPair+,0,16182500,2.462001977444771,4361.396834613082,3173.8299008960507,4664.288748111635,baseline,experiments/dbtext-five-stage-policy-pair-2026-09-26/targets/REFERENCES.json,
baseline,Uncompressed,0,39841347,1.0,14187.558957036012,13234.85932125804,16865.04021608872,baseline,experiments/dbtext-five-stage-policy-pair-2026-09-26/targets/REFERENCES.json,
baseline,LZ4-default,0,24606522,1.6191376822778936,2994.506348943048,2810.3709197389717,3143.2211910322767,baseline,experiments/dbtext-five-stage-policy-pair-2026-09-26/targets/REFERENCES.json,
baseline,LZ4-HC9,0,17238273,2.3112145282767016,2549.4203528242642,2321.1842323510755,2618.119044949823,baseline,experiments/dbtext-five-stage-policy-pair-2026-09-26/targets/REFERENCES.json,
baseline,LZ4-HC12,0,17051360,2.336549518630772,2337.0201747708197,2293.382755288791,2518.728744993532,baseline,experiments/dbtext-five-stage-policy-pair-2026-09-26/targets/REFERENCES.json,
baseline,Zstd-1,0,15383446,2.5898844121141646,1175.6527883540657,1119.993459054533,1202.3323190908648,baseline,experiments/dbtext-five-stage-policy-pair-2026-09-26/targets/REFERENCES.json,
baseline,Zstd-3,0,14391433,2.768407218377767,924.4926652549603,912.4541103087658,956.3089135322665,baseline,experiments/dbtext-five-stage-policy-pair-2026-09-26/targets/REFERENCES.json,
baseline,Zstd-19,0,11652481,3.4191299689739894,1041.2494372176957,1009.3901014658642,1053.57498910232,baseline,experiments/dbtext-five-stage-policy-pair-2026-09-26/targets/REFERENCES.json,
baseline,Zstd-20,0,11652481,3.4191299689739894,1054.3813462533728,1037.1954776369707,1070.1584113971026,baseline,experiments/dbtext-five-stage-policy-pair-2026-09-26/targets/REFERENCES.json,
baseline,Zstd-21,0,11652478,3.419130849249404,1065.5402792567904,1039.4518923802925,1075.3690248049882,baseline,experiments/dbtext-five-stage-policy-pair-2026-09-26/targets/REFERENCES.json,
baseline,Zstd-22,0,11652454,3.419137891469042,1061.5962681249978,1010.7755329149039,1067.0293247453947,baseline,experiments/dbtext-five-stage-policy-pair-2026-09-26/targets/REFERENCES.json,
baseline,Brotli-5,0,13208824,3.01626753449058,347.32371454687075,345.5937236056188,352.18932541759193,baseline,experiments/dbtext-five-stage-policy-pair-2026-09-26/targets/REFERENCES.json,
baseline,Brotli-9,0,12630142,3.1544654842360442,376.39003466629634,372.8999639720055,379.9997354207763,baseline,experiments/dbtext-five-stage-policy-pair-2026-09-26/targets/REFERENCES.json,
baseline,Brotli-11,0,11410489,3.491642382723475,291.8114456122725,283.4972945175376,296.0265529812551,baseline,experiments/dbtext-five-stage-policy-pair-2026-09-26/targets/REFERENCES.json,
baseline,zlib-1,0,16668592,2.3902047035526457,277.10723625570756,272.5917483793928,277.76872635276476,baseline,experiments/dbtext-five-stage-policy-pair-2026-09-26/targets/REFERENCES.json,
baseline,zlib-6,0,14547690,2.7386717066420854,272.11351990064037,270.9771364309811,272.9919227956706,baseline,experiments/dbtext-five-stage-policy-pair-2026-09-26/targets/REFERENCES.json,
baseline,zlib-9,0,14386051,2.7694429138336853,273.0802274563496,272.41932882714303,275.1396695787876,baseline,experiments/dbtext-five-stage-policy-pair-2026-09-26/targets/REFERENCES.json,
baseline,bzip2-1,0,12587110,3.1652497674207978,35.65633711192349,35.476224072604296,35.88703538818013,baseline,experiments/dbtext-five-stage-policy-pair-2026-09-26/targets/REFERENCES.json,
baseline,bzip2-9,0,11280163,3.531983270099909,23.06466930350025,22.71343536995004,23.476155420755845,baseline,experiments/dbtext-five-stage-policy-pair-2026-09-26/targets/REFERENCES.json,
baseline,XZ-0,0,15017388,2.653014425677754,48.1035094861079,47.29747152692617,48.23411399423443,baseline,experiments/dbtext-five-stage-policy-pair-2026-09-26/targets/REFERENCES.json,
baseline,XZ-6,0,11611576,3.4311748034892076,63.32288537870512,62.84682220203466,63.570129815677014,baseline,experiments/dbtext-five-stage-policy-pair-2026-09-26/targets/REFERENCES.json,
baseline,XZ-9,0,11611576,3.4311748034892076,61.781403181472804,61.39534436043761,62.28088098467571,baseline,experiments/dbtext-five-stage-policy-pair-2026-09-26/targets/REFERENCES.json,
from-scratch,Run 1,1,16072097,2.4789140458771497,5661.939495467759,5379.925050887455,5758.615082551813,qualified,experiments/dbtext-five-stage-policy-pair-2026-09-26/api-s1/QUALIFICATION.json,r-a3602008c11ed5e90286bb0609abca8145511d4ee64abf62ba035d62dc3432ae
from-scratch,Run 2,2,10517944,3.7879405899099674,192.6764456748195,190.88618194433388,193.05589035400897,qualified,experiments/dbtext-five-stage-policy-pair-2026-09-26/api-s2/QUALIFICATION.json,r-4add78cf369024800a7102f86303aba1dcc718edfc7fed4119ddb1c9a0d5f232
from-scratch,Run 3,3,12993067,3.0663543103410458,1146.948730131167,1132.409302666657,1199.2413790508585,accepted_pinned_result_with_portability_caveat,experiments/dbtext-five-stage-policy-pair-2026-09-26/api-s3/recovery-01/QUALIFICATION.json,r-ef877dac50a89a41ecf0b81ddb0ac4c485774159e142ae9c8b0dba1e770f495c
from-scratch,Run 4,4,12380757,3.2180057326058495,1652.3930146949344,1615.1336064373545,1680.45304393401,qualified,experiments/dbtext-five-stage-policy-pair-2026-09-26/api-s4/QUALIFICATION.json,r-664e4cd853dd61aaf37e8249d696e363e90074bd961c58c54dee45974d119504
from-scratch,Run 5,5,12486858,3.1906622947101666,1550.3187501678094,1505.4040250286116,1594.280049432215,qualified,experiments/dbtext-five-stage-policy-pair-2026-09-26/api-s5/recovery-01/QUALIFICATION.json,r-77099eda1216c0b99f697638e6273ff10fa7fb1219a7746266a763315c6a0020
tools-allowed,Run 1,1,16053766,2.4817445950065546,5724.190005649286,5511.081893651059,5890.060504133104,qualified,experiments/dbtext-five-stage-policy-pair-2026-09-26/subscription/stage-01/QUALIFICATION.json,r-769349650dabdf37f260fcbfedcc83fe8fd640eacc47435aa0dbda23967a3174
tools-allowed,Run 2,2,10248772,3.887426415574471,23.18445784418257,23.068636393101258,23.327261092672977,qualified,experiments/dbtext-five-stage-policy-pair-2026-09-26/subscription/stage-02/QUALIFICATION.json,r-2e03e6ed02de3dfa3768698884f2bfe33276feaf9c1fb4eea9a5435964646b0c
tools-allowed,Run 3,3,12821539,3.107376345382563,1618.7874984585674,1556.2259609009104,1640.1613775308947,qualified,experiments/dbtext-five-stage-policy-pair-2026-09-26/subscription/stage-03/QUALIFICATION.json,r-f935a035331341eb2151fd6d901391a9c46f889fd223f9311f5084521a417145
tools-allowed,Run 4,4,11649248,3.4200788754776275,429.8023620012928,417.47659084927074,433.55899330483055,qualified,experiments/dbtext-five-stage-policy-pair-2026-09-26/subscription/stage-04/QUALIFICATION.json,r-a2562a01009c9ead7a86ca87288202820478ba70f164c662ba610085960f24f2
tools-allowed,Run 5,5,12600395,3.161912543217891,1446.3240778135255,1396.5951922013173,1468.0648651962958,qualified,experiments/dbtext-five-stage-policy-pair-2026-09-26/subscription/stage-05/QUALIFICATION.json,r-677ef35e756a60d314c435db7934aed5608661fe1403b9bd243ffb498efcb300
