implementation_policy,run,result_id,mode,selected_rows_percent,original_bytes,package_bytes,compression_factor,decompression_median_MB_s,row_access_median_Mrows_s
from-scratch,1,r-a3602008c11ed5e90286bb0609abca8145511d4ee64abf62ba035d62dc3432ae,bulk,,39841347,16072097,2.4789140458771497,5661.939495467759,
from-scratch,2,r-4add78cf369024800a7102f86303aba1dcc718edfc7fed4119ddb1c9a0d5f232,bulk,,39841347,10517944,3.7879405899099674,192.6764456748195,
from-scratch,3,r-ef877dac50a89a41ecf0b81ddb0ac4c485774159e142ae9c8b0dba1e770f495c,bulk,,39841347,12993067,3.0663543103410458,1146.948730131167,
from-scratch,4,r-664e4cd853dd61aaf37e8249d696e363e90074bd961c58c54dee45974d119504,bulk,,39841347,12380757,3.2180057326058495,1652.3930146949344,
from-scratch,5,r-77099eda1216c0b99f697638e6273ff10fa7fb1219a7746266a763315c6a0020,bulk,,39841347,12486858,3.1906622947101666,1550.3187501678094,
tools-allowed,1,r-769349650dabdf37f260fcbfedcc83fe8fd640eacc47435aa0dbda23967a3174,bulk,,39841347,16053766,2.4817445950065546,5724.190005649286,
tools-allowed,2,r-2e03e6ed02de3dfa3768698884f2bfe33276feaf9c1fb4eea9a5435964646b0c,bulk,,39841347,10248772,3.887426415574471,23.18445784418257,
tools-allowed,3,r-f935a035331341eb2151fd6d901391a9c46f889fd223f9311f5084521a417145,bulk,,39841347,12821539,3.107376345382563,1618.7874984585674,
tools-allowed,4,r-a2562a01009c9ead7a86ca87288202820478ba70f164c662ba610085960f24f2,bulk,,39841347,11649248,3.4200788754776275,429.8023620012928,
tools-allowed,5,r-677ef35e756a60d314c435db7934aed5608661fe1403b9bd243ffb498efcb300,bulk,,39841347,12600395,3.161912543217891,1446.3240778135255,
from-scratch,1,r-a3602008c11ed5e90286bb0609abca8145511d4ee64abf62ba035d62dc3432ae,rows,1,39841347,16072097,2.4789140458771497,,87.7163886292019
from-scratch,1,r-a3602008c11ed5e90286bb0609abca8145511d4ee64abf62ba035d62dc3432ae,rows,3,39841347,16072097,2.4789140458771497,,83.28934946337472
from-scratch,1,r-a3602008c11ed5e90286bb0609abca8145511d4ee64abf62ba035d62dc3432ae,rows,10,39841347,16072097,2.4789140458771497,,80.34150104012394
from-scratch,1,r-a3602008c11ed5e90286bb0609abca8145511d4ee64abf62ba035d62dc3432ae,rows,30,39841347,16072097,2.4789140458771497,,79.42183540940331
from-scratch,1,r-a3602008c11ed5e90286bb0609abca8145511d4ee64abf62ba035d62dc3432ae,rows,100,39841347,16072097,2.4789140458771497,,71.8702707494002
from-scratch,2,r-4add78cf369024800a7102f86303aba1dcc718edfc7fed4119ddb1c9a0d5f232,rows,1,39841347,10517944,3.7879405899099674,,2.0135795028774623
from-scratch,2,r-4add78cf369024800a7102f86303aba1dcc718edfc7fed4119ddb1c9a0d5f232,rows,3,39841347,10517944,3.7879405899099674,,2.295059553045607
from-scratch,2,r-4add78cf369024800a7102f86303aba1dcc718edfc7fed4119ddb1c9a0d5f232,rows,10,39841347,10517944,3.7879405899099674,,3.229120393966607
from-scratch,2,r-4add78cf369024800a7102f86303aba1dcc718edfc7fed4119ddb1c9a0d5f232,rows,30,39841347,10517944,3.7879405899099674,,5.611583078928958
from-scratch,2,r-4add78cf369024800a7102f86303aba1dcc718edfc7fed4119ddb1c9a0d5f232,rows,100,39841347,10517944,3.7879405899099674,,10.479886108082557
from-scratch,3,r-ef877dac50a89a41ecf0b81ddb0ac4c485774159e142ae9c8b0dba1e770f495c,rows,1,39841347,12993067,3.0663543103410458,,66.05986636961428
from-scratch,3,r-ef877dac50a89a41ecf0b81ddb0ac4c485774159e142ae9c8b0dba1e770f495c,rows,3,39841347,12993067,3.0663543103410458,,61.30932353611739
from-scratch,3,r-ef877dac50a89a41ecf0b81ddb0ac4c485774159e142ae9c8b0dba1e770f495c,rows,10,39841347,12993067,3.0663543103410458,,58.80665078135633
from-scratch,3,r-ef877dac50a89a41ecf0b81ddb0ac4c485774159e142ae9c8b0dba1e770f495c,rows,30,39841347,12993067,3.0663543103410458,,56.70362786325135
from-scratch,3,r-ef877dac50a89a41ecf0b81ddb0ac4c485774159e142ae9c8b0dba1e770f495c,rows,100,39841347,12993067,3.0663543103410458,,70.24137222088156
from-scratch,4,r-664e4cd853dd61aaf37e8249d696e363e90074bd961c58c54dee45974d119504,rows,1,39841347,12380757,3.2180057326058495,,88.98556712928249
from-scratch,4,r-664e4cd853dd61aaf37e8249d696e363e90074bd961c58c54dee45974d119504,rows,3,39841347,12380757,3.2180057326058495,,83.1636754641468
from-scratch,4,r-664e4cd853dd61aaf37e8249d696e363e90074bd961c58c54dee45974d119504,rows,10,39841347,12380757,3.2180057326058495,,80.52744579878733
from-scratch,4,r-664e4cd853dd61aaf37e8249d696e363e90074bd961c58c54dee45974d119504,rows,30,39841347,12380757,3.2180057326058495,,76.91432394687116
from-scratch,4,r-664e4cd853dd61aaf37e8249d696e363e90074bd961c58c54dee45974d119504,rows,100,39841347,12380757,3.2180057326058495,,69.92743267404181
from-scratch,5,r-77099eda1216c0b99f697638e6273ff10fa7fb1219a7746266a763315c6a0020,rows,1,39841347,12486858,3.1906622947101666,,73.54464011532576
from-scratch,5,r-77099eda1216c0b99f697638e6273ff10fa7fb1219a7746266a763315c6a0020,rows,3,39841347,12486858,3.1906622947101666,,65.49462557338053
from-scratch,5,r-77099eda1216c0b99f697638e6273ff10fa7fb1219a7746266a763315c6a0020,rows,10,39841347,12486858,3.1906622947101666,,66.34090877650833
from-scratch,5,r-77099eda1216c0b99f697638e6273ff10fa7fb1219a7746266a763315c6a0020,rows,30,39841347,12486858,3.1906622947101666,,65.808067863067
from-scratch,5,r-77099eda1216c0b99f697638e6273ff10fa7fb1219a7746266a763315c6a0020,rows,100,39841347,12486858,3.1906622947101666,,60.56891468195572
tools-allowed,1,r-769349650dabdf37f260fcbfedcc83fe8fd640eacc47435aa0dbda23967a3174,rows,1,39841347,16053766,2.4817445950065546,,101.41460402838814
tools-allowed,1,r-769349650dabdf37f260fcbfedcc83fe8fd640eacc47435aa0dbda23967a3174,rows,3,39841347,16053766,2.4817445950065546,,96.38322171843492
tools-allowed,1,r-769349650dabdf37f260fcbfedcc83fe8fd640eacc47435aa0dbda23967a3174,rows,10,39841347,16053766,2.4817445950065546,,90.26906284803536
tools-allowed,1,r-769349650dabdf37f260fcbfedcc83fe8fd640eacc47435aa0dbda23967a3174,rows,30,39841347,16053766,2.4817445950065546,,85.82583557520724
tools-allowed,1,r-769349650dabdf37f260fcbfedcc83fe8fd640eacc47435aa0dbda23967a3174,rows,100,39841347,16053766,2.4817445950065546,,86.50787096980082
tools-allowed,2,r-2e03e6ed02de3dfa3768698884f2bfe33276feaf9c1fb4eea9a5435964646b0c,rows,1,39841347,10248772,3.887426415574471,,23.38974530056609
tools-allowed,2,r-2e03e6ed02de3dfa3768698884f2bfe33276feaf9c1fb4eea9a5435964646b0c,rows,3,39841347,10248772,3.887426415574471,,20.023314859022758
tools-allowed,2,r-2e03e6ed02de3dfa3768698884f2bfe33276feaf9c1fb4eea9a5435964646b0c,rows,10,39841347,10248772,3.887426415574471,,17.641278933274045
tools-allowed,2,r-2e03e6ed02de3dfa3768698884f2bfe33276feaf9c1fb4eea9a5435964646b0c,rows,30,39841347,10248772,3.887426415574471,,17.05378691204415
tools-allowed,2,r-2e03e6ed02de3dfa3768698884f2bfe33276feaf9c1fb4eea9a5435964646b0c,rows,100,39841347,10248772,3.887426415574471,,17.028648476080495
tools-allowed,3,r-f935a035331341eb2151fd6d901391a9c46f889fd223f9311f5084521a417145,rows,1,39841347,12821539,3.107376345382563,,76.8792785602405
tools-allowed,3,r-f935a035331341eb2151fd6d901391a9c46f889fd223f9311f5084521a417145,rows,3,39841347,12821539,3.107376345382563,,72.53164931601802
tools-allowed,3,r-f935a035331341eb2151fd6d901391a9c46f889fd223f9311f5084521a417145,rows,10,39841347,12821539,3.107376345382563,,68.9845789411386
tools-allowed,3,r-f935a035331341eb2151fd6d901391a9c46f889fd223f9311f5084521a417145,rows,30,39841347,12821539,3.107376345382563,,66.89682740817548
tools-allowed,3,r-f935a035331341eb2151fd6d901391a9c46f889fd223f9311f5084521a417145,rows,100,39841347,12821539,3.107376345382563,,57.12953116173654
tools-allowed,4,r-a2562a01009c9ead7a86ca87288202820478ba70f164c662ba610085960f24f2,rows,1,39841347,11649248,3.4200788754776275,,64.99173094758717
tools-allowed,4,r-a2562a01009c9ead7a86ca87288202820478ba70f164c662ba610085960f24f2,rows,3,39841347,11649248,3.4200788754776275,,63.47723368540087
tools-allowed,4,r-a2562a01009c9ead7a86ca87288202820478ba70f164c662ba610085960f24f2,rows,10,39841347,11649248,3.4200788754776275,,57.24965244932998
tools-allowed,4,r-a2562a01009c9ead7a86ca87288202820478ba70f164c662ba610085960f24f2,rows,30,39841347,11649248,3.4200788754776275,,52.07892454061265
tools-allowed,4,r-a2562a01009c9ead7a86ca87288202820478ba70f164c662ba610085960f24f2,rows,100,39841347,11649248,3.4200788754776275,,48.15810722372592
tools-allowed,5,r-677ef35e756a60d314c435db7934aed5608661fe1403b9bd243ffb498efcb300,rows,1,39841347,12600395,3.161912543217891,,71.5146726260499
tools-allowed,5,r-677ef35e756a60d314c435db7934aed5608661fe1403b9bd243ffb498efcb300,rows,3,39841347,12600395,3.161912543217891,,69.79187601512274
tools-allowed,5,r-677ef35e756a60d314c435db7934aed5608661fe1403b9bd243ffb498efcb300,rows,10,39841347,12600395,3.161912543217891,,66.23403915637563
tools-allowed,5,r-677ef35e756a60d314c435db7934aed5608661fe1403b9bd243ffb498efcb300,rows,30,39841347,12600395,3.161912543217891,,68.6907271820308
tools-allowed,5,r-677ef35e756a60d314c435db7934aed5608661fe1403b9bd243ffb498efcb300,rows,100,39841347,12600395,3.161912543217891,,86.90198469527213
