run_id,dataset,model,effort,prompt,paper_points,agent_sessions,requests,requests_without_returned_usage,start_utc,end_utc,elapsed_seconds,input_tokens,cached_input_tokens,cache_write_input_tokens,output_tokens,reasoning_tokens,total_tokens,estimated_usd,cost_basis
dbtext-astra-standard,dbtext,gpt-6-astra,ultra,standard,A1 A2 A3,4,463,0,2026-09-16T22:25:00.343Z,2026-09-16T23:23:47.259Z,3526.916,37593566,36635591,821646,285449,96639,37879015,62.5419060,recorded-ledger
dbtext-glm-standard,dbtext,GLM-5.3-Flash,max,standard,G1 G2,1,286,0,2026-09-19T23:04:22.426Z,2026-09-20T04:30:24.365Z,19561.939,79095223,78192960,0,294095,,79389318,2.62817575,current-api-equivalent
dbtext-glm-decode-first,dbtext,GLM-5.3-Flash,max,decode-first,G3 G4,1,310,2,2026-09-20T04:35:39.069Z,2026-09-20T12:21:07.150Z,27928.081,88196855,87139584,0,360535,,88557390,2.95304567,current-api-equivalent
python-astra-standard,python,gpt-6-astra,ultra,standard,A1 A2 A3 A4 A5 A6,4,649,0,2026-09-20T23:19:24.973Z,2026-09-21T00:36:00.521Z,4595.548,56171200,55375210,621564,362643,173067,56533843,83.0211700,recorded-ledger
python-glm-standard,python,GLM-5.3-Flash,max,standard,G1,1,142,0,2026-09-19T15:49:54.585Z,2026-09-19T18:28:57.837Z,9543.252,14816188,14531392,0,114646,,14930834,0.53598416,current-api-equivalent
python-glm-decode-first,python,GLM-5.3-Flash,max,decode-first,G2,1,257,1,2026-09-20T07:21:52.581Z,2026-09-20T15:35:21.838Z,29609.257,54754976,54035392,0,285223,,55040199,1.87161086,current-api-equivalent
yelp-astra-standard,yelp,gpt-6-astra,ultra,standard,A1 A2 A3 A4,4,386,0,2026-09-20T19:42:36.942Z,2026-09-20T20:29:36.121Z,2819.179,22052343,21565455,403473,211828,70526,22264171,38.0344175,recorded-ledger
yelp-glm-standard,yelp,GLM-5.3-Flash,max,standard,G1 G2,1,318,0,2026-09-19T15:49:58.499Z,2026-09-19T19:30:18.122Z,13219.623,63862184,63471872,0,251921,,64114105,2.08866346,current-api-equivalent
yelp-glm-decode-first,yelp,GLM-5.3-Flash,max,decode-first,G3,1,271,1,2026-09-20T01:47:01.964Z,2026-09-20T06:58:02.996Z,18661.032,62302292,61460480,0,315416,,62617708,2.12779420,current-api-equivalent
yelp-glm-lz4-frontier,yelp,GLM-5.3-Flash,max,lz4-frontier,G4 G5,3,325,2,2026-09-21T20:25:50.628Z,2026-09-22T01:14:08.867Z,17298.239,77896424,77386624,0,333416,,78229840,2.56477672,current-api-equivalent
openstack-astra-standard,openstack,gpt-6-astra,ultra,standard,A1 A2 A3 A4 A5 A6,4,578,0,2026-09-20T23:19:24.924Z,2026-09-21T00:36:20.759Z,4615.835,45301584,44758707,436265,279752,109638,45581336,65.2657395,recorded-ledger
openstack-glm-standard,openstack,GLM-5.3-Flash,max,standard,G1 G2,1,193,0,2026-09-19T20:42:21.416Z,2026-09-19T22:41:51.002Z,7169.586,28844576,28506432,0,157437,,29002013,0.98463306,current-api-equivalent
openstack-glm-decode-first,openstack,GLM-5.3-Flash,max,decode-first,G3,1,267,0,2026-09-20T12:42:04.487Z,2026-09-20T15:28:33.118Z,9988.631,58121503,57749376,0,254085,,58375588,1.91534283,current-api-equivalent
openstack-glm-lz4-frontier,openstack,GLM-5.3-Flash,max,lz4-frontier,G4,4,397,0,2026-09-21T22:58:55.123Z,2026-09-22T02:51:26.892Z,13951.769,89524638,88869696,0,454511,,89979149,2.99158768,current-api-equivalent
sqlstorm-tpcds-astra-standard,sqlstorm-tpcds,gpt-6-astra,ultra,standard,A1 A2 A3 A4 A5,4,625,0,2026-09-20T23:19:25.438Z,2026-09-21T00:34:49.556Z,4524.118,51062553,50045432,817129,431481,183174,51494034,83.8335145,recorded-ledger
sqlstorm-tpcds-glm-standard,sqlstorm-tpcds,GLM-5.3-Flash,max,standard,G1,1,317,0,2026-09-20T15:46:44.828Z,2026-09-20T19:56:52.873Z,15008.045,71517837,70915840,0,314857,,71832694,2.37520325,current-api-equivalent
sqlstorm-tpcds-glm-decode-first,sqlstorm-tpcds,GLM-5.3-Flash,max,decode-first,G2,1,264,0,2026-09-20T16:05:21.380Z,2026-09-20T20:03:52.380Z,14311.0,56661736,55842688,0,251885,,56913621,1.92408034,current-api-equivalent
sqlstorm-tpcds-glm-lz4-frontier,sqlstorm-tpcds,GLM-5.3-Flash,max,lz4-frontier,G3 G4,3,251,0,2026-09-21T20:31:11.754Z,2026-09-21T22:44:20.543Z,7988.789,43324617,42876800,0,299339,,43623956,1.50314605,current-api-equivalent
